{"test_accuracy":0.2929808973789427,"_timestamp":1.7475967852113607e+09,"epoch":19,"_wandb":{"runtime":1094},"_runtime":1094.121018291,"train_loss":0.9430518460411557,"train_accuracy":0.6968546637744034,"valid_accuracy":0.6928069226608978,"_step":21,"valid_loss":1.0967872653688704,"attention_heatmaps":{"_type":"image-file","sha256":"5b6c80ab1f4e0ce07dcb6c3f7cffd32a6df4e9236010c2e374c7261071db180c","size":304314,"path":"media/images/attention_heatmaps_21_5b6c80ab1f4e0ce07dcb.png","format":"png","width":4716,"height":3573}}