{"train_loss":1.201651734657122,"_runtime":253.408371811,"train_accuracy":0.6499429874572406,"_timestamp":1.7475790090234613e+09,"_step":1,"_wandb":{"runtime":253},"test_accuracy":0.30453131941359396,"valid_accuracy":0.7656765676567657,"epoch":0,"valid_loss":1.1110268304313438}