{"train_loss":0.395650083406703,"valid_loss":0.7940924713646409,"epoch":18,"_timestamp":1.747490175966051e+09,"test_accuracy":0.41470457574411373,"_wandb":{"runtime":958},"_runtime":958.507977157,"_step":19}