{"attention_heatmaps":{"_type":"image-file","sha256":"9d24d27dc3907253b2e63fad72976258657f58097e19c922d06eb658a58888c2","size":308139,"path":"media/images/attention_heatmaps_17_9d24d27dc3907253b2e6.png","format":"png","width":4716,"height":3572},"valid_accuracy":0.7544618712817739,"_step":17,"valid_loss":1.0984837259565081,"epoch":15,"train_accuracy":0.9260485651214128,"test_accuracy":0.3811639271434918,"train_loss":0.42139025532096797,"_timestamp":1.7475997871705244e+09,"_runtime":582.816806281,"_wandb":{"runtime":582}}