{"_timestamp":1.7475759872088425e+09,"epoch":0,"_wandb":{"runtime":256},"valid_accuracy":0.7656765676567657,"_step":1,"train_accuracy":0.6499429874572406,"train_loss":1.201651734657122,"_runtime":253.620737223,"test_accuracy":0.30453131941359396,"valid_loss":1.1110268304313438}