{"epoch":18,"train_loss":0.48402633418926616,"valid_accuracy":0.7452677122769065,"_step":19,"_runtime":863.066654453,"valid_loss":1.081442415714264,"test_accuracy":0.3709462461128387,"_wandb":{"runtime":863},"_timestamp":1.7476456451137593e+09,"train_accuracy":0.8358678552700577}