{"test_accuracy":0.21101732563305198,"valid_loss":1.2642889351084612,"epoch":0,"_step":1,"_wandb":{"runtime":270},"valid_accuracy":0.6655665566556656,"_runtime":269.673984839,"train_loss":1.6598511628925197,"_timestamp":1.7477251764304252e+09,"train_accuracy":0.5802197802197803}