{"_step":2,"interactive_attention_inline":{"sha256":"a409bb72d90263f8d918e0c418bb7efd3cb5428394ae62fa90e100ab83f20010","size":3077,"path":"media/html/interactive_attention_inline_2_a409bb72d90263f8d918.html","_type":"html-file"},"_wandb":{"runtime":257},"train_accuracy":0.6499429874572406,"valid_loss":1.1110268304313438,"test_accuracy":0.30453131941359396,"valid_accuracy":0.7656765676567657,"_timestamp":1.7477385907420902e+09,"_runtime":257.859426812,"train_loss":1.201651734657122,"epoch":0}