{"train_loss":1.201651734657122,"_timestamp":1.7477410339005432e+09,"valid_loss":1.1110268304313438,"epoch":0,"test_accuracy":0.30453131941359396,"_runtime":255.593879781,"_step":2,"train_accuracy":0.6499429874572406,"interactive_attention_inline":{"_type":"html-file","sha256":"4f92d3bbeb23c2fb70cc54d9c67aed1b6cd2961852416a37c4505a0abc7a3601","size":2413,"path":"media/html/interactive_attention_inline_2_4f92d3bbeb23c2fb70cc.html"},"_wandb":{"runtime":255},"valid_accuracy":0.7656765676567657}