{"attention_heatmaps":{"size":296065,"path":"media/images/attention_heatmaps_20_00e4c283bc9b22cbf9c7.png","format":"png","width":4716,"height":3573,"_type":"image-file","sha256":"00e4c283bc9b22cbf9c70c9bb4a89a9a7475caa7d7ca996ba6f4e97b5b58414b"},"train_loss":0.4034168445478285,"test_accuracy":0.3718347401155042,"epoch":18,"_runtime":1045.313717825,"_step":20,"train_accuracy":0.8825757575757576,"_timestamp":1.7476019004770823e+09,"_wandb":{"runtime":1045},"valid_loss":1.1210508465766906,"valid_accuracy":0.7285018929150893}