{"epoch":16,"train_loss":0.4001348357152388,"_runtime":1051.892696404,"valid_accuracy":0.7349918875067604,"train_accuracy":0.8792553191489362,"_wandb":{"runtime":1051},"test_accuracy":0.3751665926254998,"_step":18,"valid_loss":1.141964568410601,"attention_heatmaps":{"sha256":"d5c186cefff9e2afde79cab5c9da5010371f614424d49dc1c65f4ceb7a563ffa","size":303898,"path":"media/images/attention_heatmaps_18_d5c186cefff9e2afde79.png","format":"png","width":4716,"height":3573,"_type":"image-file"},"_timestamp":1.747600847047807e+09}