{"valid_loss":0.7916317377647344,"epoch":19,"test_accuracy":0.4089293647267881,"_wandb":{"runtime":995},"_timestamp":1.7474965901050718e+09,"_runtime":995.381574425,"_step":20,"train_loss":0.4875707643163187}