{"train_accuracy":0.7644539614561028,"_timestamp":1.747588146784414e+09,"_runtime":1024.547701429,"valid_accuracy":0.7524752475247525,"epoch":19,"_step":20,"_wandb":{"runtime":1024},"train_loss":0.6465375840491393,"test_accuracy":0.3482896490448689,"valid_loss":1.0809858907823977}