{"epoch":19,"_runtime":1098.092307831,"train_accuracy":0.819848975188781,"valid_accuracy":0.7063277447268794,"attention_heatmaps":{"sha256":"b5ca61a99e3cdc9aa37e7767ac96400c32099703273432974d1c3e1a10a8fb84","size":309563,"path":"media/images/attention_heatmaps_21_b5ca61a99e3cdc9aa37e.png","format":"png","width":4716,"height":3573,"_type":"image-file"},"valid_loss":1.0461711713245936,"_wandb":{"runtime":1098},"_timestamp":1.7475956771484838e+09,"_step":21,"train_loss":0.6380164562105444,"test_accuracy":0.34517992003553977}