{"valid_loss":1.0920036201891692,"_wandb":{"runtime":66},"epoch":2,"_timestamp":1.747480899778335e+09,"_runtime":65.323474084,"_step":2,"train_loss":1.0850720207183993}