{"train_accuracy":0.8138297872340425,"valid_accuracy":0.6976744186046512,"_timestamp":1.747598851605051e+09,"attention_heatmaps":{"_type":"image-file","sha256":"649596312d7240f0abd3c041c83f49b9abba0cc05fba181f14ea094d55ee16bf","size":293925,"path":"media/images/attention_heatmaps_17_649596312d7240f0abd3.png","format":"png","width":4716,"height":3573},"valid_loss":1.1217921018600463,"_wandb":{"runtime":775},"_step":17,"train_loss":0.5077754080812366,"epoch":15,"_runtime":775.630404898,"test_accuracy":0.3418480675255442}