{"train_loss":1.6598511628925197,"train_accuracy":0.5802197802197803,"_timestamp":1.7477328228347402e+09,"epoch":0,"test_accuracy":0.21101732563305198,"_step":1,"_wandb":{"runtime":271},"valid_accuracy":0.6655665566556656,"_runtime":271.303584854,"valid_loss":1.2642889351084612}