{"epoch":0,"_runtime":270.785473564,"_step":1,"valid_accuracy":0.6655665566556656,"_timestamp":1.7477335963656225e+09,"train_accuracy":0.5802197802197803,"test_accuracy":0.21101732563305198,"train_loss":1.6598511628925197,"_wandb":{"runtime":273},"valid_loss":1.2642889351084612}