{"_step":1,"train_loss":2.599490860609173,"valid_loss":2.6434086639515675,"epoch":0,"test_accuracy":0,"_wandb":{"runtime":866},"_timestamp":1.7474838773884697e+09,"_runtime":866.840714013}