{"valid_loss":1.0845824812885618,"_step":11,"_wandb":{"runtime":807},"attention_heatmaps":{"width":4739,"height":3573,"_type":"image-file","sha256":"4d88d737bb4fb075980e5efa60ce1a0528df5ab7d39fb56b030e44e08017d68c","size":304804,"path":"media/images/attention_heatmaps_11_4d88d737bb4fb075980e.png","format":"png"},"train_loss":0.4996443199352314,"epoch":9,"_runtime":807.56393122,"test_accuracy":0.3622834295868503,"train_accuracy":0.8930232558139535,"valid_accuracy":0.6658986175115207,"_timestamp":1.7476069411104908e+09}