{"train_accuracy":0.3599568267674042,"valid_loss":2.2361640862056187,"_wandb":{"runtime":603},"train_loss":2.3083089858810335,"valid_accuracy":0.37696051919956736,"epoch":19,"_step":20,"test_accuracy":0.003553976010661928,"_runtime":603.546505335,"_timestamp":1.747584707568651e+09}