{"_step":20,"train_loss":0.5584262190265352,"valid_loss":0.8376336519735573,"test_accuracy":0.3760550866281653,"_wandb":{"runtime":999},"epoch":19,"_timestamp":1.7474911829216876e+09,"_runtime":999.482626642}