{"_runtime":1277.285327383,"_step":20,"train_loss":0.5289869867750429,"test_accuracy":0.3987116836961351,"_wandb":{"runtime":1277},"valid_loss":0.8440830996871864,"epoch":19,"_timestamp":1.747493770780704e+09}