{"valid_accuracy":0.7161716171617162,"train_accuracy":0.8441835645677694,"_timestamp":1.7475821341542027e+09,"valid_loss":1.1067459298216777,"train_loss":0.5039570774942335,"_step":19,"_runtime":423.089930611,"_wandb":{"runtime":423},"epoch":19}