{"valid_loss":1.1110268304313438,"_timestamp":1.7475783518804216e+09,"train_accuracy":0.6499429874572406,"_wandb":{"runtime":255},"test_accuracy":0.30453131941359396,"attention_heatmaps":{"sha256":"aba76a1037c4c62f2432c5dd044b77fe91bbe56d1443ee512544e78cd4f9946c","size":313370,"path":"media/images/attention_heatmaps_2_aba76a1037c4c62f2432.png","format":"png","width":4679,"height":3569,"_type":"image-file"},"train_loss":1.201651734657122,"_step":2,"epoch":0,"_runtime":255.905725427,"valid_accuracy":0.7656765676567657}