{"test_accuracy":0.30453131941359396,"epoch":0,"train_loss":1.201651734657122,"_step":2,"valid_accuracy":0.7656765676567657,"valid_loss":1.1110268304313438,"_wandb":{"runtime":257},"interactive_attention_inline":{"size":2972,"path":"media/html/interactive_attention_inline_2_1243d89c9841bfee1803.html","_type":"html-file","sha256":"1243d89c9841bfee18039d8204cd536c560045fecbd56893a3cdb11b6d91dda6"},"_runtime":257.736502027,"train_accuracy":0.6499429874572406,"_timestamp":1.747738894744792e+09}