{"valid_accuracy":0.7656765676567657,"_timestamp":1.7475808410290418e+09,"epoch":0,"_runtime":256.577669466,"_step":2,"_wandb":{"runtime":256},"train_accuracy":0.6499429874572406,"attention_heatmaps":{"path":"media/images/attention_heatmaps_2_8149f9ebd54032a58513.png","format":"png","width":4667,"height":3573,"_type":"image-file","sha256":"8149f9ebd54032a585133534c6693a70d53b9e376ba4873a3e86cdabd604f722","size":346476},"train_loss":1.201651734657122,"test_accuracy":0.30453131941359396,"valid_loss":1.1110268304313438}