{"test_accuracy":0.2927587738782763,"train_accuracy":0.6770662287903667,"valid_accuracy":0.7036235803136831,"_runtime":1106.991589678,"_wandb":{"runtime":1106},"_step":20,"epoch":19,"_timestamp":1.7476447687495463e+09,"train_loss":0.8579443861983415,"valid_loss":1.2070524999073573}