{"valid_accuracy":0.5711195240670632,"_runtime":363.196817406,"train_loss":1.2462747207266747,"test_accuracy":0.14127054642381165,"valid_loss":1.4238087109157018,"_wandb":{"runtime":363},"_step":20,"train_accuracy":0.5857066093498119,"epoch":19,"_timestamp":1.7475871158570697e+09}