{"train_loss":0.47693651384106595,"test_accuracy":0.34207019102621056,"_wandb":{"runtime":370},"valid_loss":1.0942513821781545,"valid_accuracy":0.7282728272827282,"epoch":13,"_timestamp":1.7476022745570369e+09,"_step":15,"train_accuracy":0.8258602711157456,"attention_heatmaps":{"width":4699,"height":3572,"_type":"image-file","sha256":"86d29a1255355d130c4d447f1c00646761e0f4d0241300a3096c4c6f02083908","size":314096,"path":"media/images/attention_heatmaps_15_86d29a1255355d130c4d.png","format":"png"},"_runtime":370.111079981}