{"epoch":14,"_timestamp":1.7474972367913349e+09,"_runtime":639.584063651,"_step":14,"_wandb":{"runtime":650},"train_loss":0.4241495384968138,"valid_loss":0.7864696905560737}