{"attention_heatmaps":{"path":"media/images/attention_heatmaps_21_c6abb31ba48e17086653.png","format":"png","width":4717,"height":3573,"_type":"image-file","sha256":"c6abb31ba48e1708665397ac0c5bccca5d2159dee17e4bb9e9047e95b62bf2d3","size":300050},"_step":21,"train_accuracy":0.6432811656772801,"valid_loss":1.2995276519230434,"valid_accuracy":0.6219578150351541,"train_loss":1.1259248720083623,"test_accuracy":0.22212350066637052,"epoch":19,"_timestamp":1.7475980620030181e+09,"_runtime":339.77222721,"_wandb":{"runtime":339}}