{"valid_loss":1.125947403907776,"valid_accuracy":0.7230935640886966,"_wandb":{"runtime":341},"_step":17,"test_accuracy":0.3629498000888494,"epoch":15,"train_loss":0.42146895963677095,"attention_heatmaps":{"sha256":"0a6479151a4b19316533f4d60b1aef253d61229420fa727455aa7d0bbc85d60d","size":286006,"path":"media/images/attention_heatmaps_17_0a6479151a4b19316533.png","format":"png","width":4717,"height":3572,"_type":"image-file"},"train_accuracy":0.9100441501103753,"_runtime":341.997350996,"_timestamp":1.7475991985522144e+09}