{"_step":20,"test_accuracy":0.42758773878276324,"_wandb":{"runtime":1292},"train_loss":0.3927841661915765,"valid_loss":0.791042857361536,"epoch":19,"_timestamp":1.7474924891635435e+09,"_runtime":1292.792579198}