{"train_loss":1.032314971154057,"valid_loss":1.374935389000134,"valid_accuracy":0.4976958525345622,"attention_heatmaps":{"path":"media/images/attention_heatmaps_21_759ccbb3fb1ba05ed2dd.png","format":"png","width":4739,"height":3572,"_type":"image-file","sha256":"759ccbb3fb1ba05ed2dd67edcf4d158e09e696a14216e8380197df0284d3614d","size":276862},"train_accuracy":0.604040404040404,"_timestamp":1.7475935670496366e+09,"_step":21,"_wandb":{"runtime":1217},"_runtime":1217.821251145,"epoch":19,"test_accuracy":0.20679697912039094}