{"_timestamp":1.7475973978376298e+09,"_step":21,"test_accuracy":0.3556197245668592,"valid_loss":1.0366443157196046,"epoch":19,"valid_accuracy":0.7252568956192537,"train_loss":0.6376411326531041,"attention_heatmaps":{"width":4716,"height":3573,"_type":"image-file","sha256":"e6d14ed98ed3dd41631bf3108758d48b4d703a3d9d68eb7973d4c361d4247b94","size":305474,"path":"media/images/attention_heatmaps_21_e6d14ed98ed3dd41631b.png","format":"png"},"train_accuracy":0.802049622437972,"_runtime":598.769452193,"_wandb":{"runtime":598}}