{"test_accuracy":0.3494002665482008,"_timestamp":1.7476061252869334e+09,"_wandb":{"runtime":840},"_step":21,"attention_heatmaps":{"path":"media/images/attention_heatmaps_21_25ae72c557cb4f798bb4.png","format":"png","width":4716,"height":3573,"_type":"image-file","sha256":"25ae72c557cb4f798bb4709c32ba9c26d7713a151c2f642a5da5c031c0f9d642","size":305202},"epoch":19,"valid_loss":1.0530410204614913,"_runtime":840.225279933,"train_accuracy":0.8063646170442287,"valid_accuracy":0.7182260681449432,"train_loss":0.6425736828174206}