{"train_accuracy":0.8413719185423365,"_timestamp":1.7476034131373563e+09,"train_loss":0.5874063158138639,"epoch":19,"_runtime":1133.642079665,"test_accuracy":0.3620613060861839,"_wandb":{"runtime":1133},"valid_loss":1.0447058354105268,"attention_heatmaps":{"height":3573,"_type":"image-file","sha256":"2b7380423f81d77c6c14a599d578cc4d1e636c2fd1d998d62fae8906b1948959","size":298839,"path":"media/images/attention_heatmaps_21_2b7380423f81d77c6c14.png","format":"png","width":4716},"valid_accuracy":0.7225527312060573,"_step":21}