{"train_loss":1.201651734657122,"valid_accuracy":0.7656765676567657,"interactive_attention_inline":{"size":2238,"path":"media/html/interactive_attention_inline_2_317bc6cdcfb0f86b2309.html","_type":"html-file","sha256":"317bc6cdcfb0f86b23093683575e775e360720104efee4de0f99934d69b1010f"},"epoch":0,"test_accuracy":0.30453131941359396,"_timestamp":1.747740709665346e+09,"_wandb":{"runtime":256},"valid_loss":1.1110268304313438,"_step":2,"train_accuracy":0.6499429874572406,"_runtime":256.256766016}