{"_timestamp":1.747577272743027e+09,"valid_loss":1.1110268304313438,"train_loss":1.201651734657122,"attention_heatmaps":{"height":3568,"_type":"image-file","sha256":"2ed5355b16369af1672b7705ce472d689da8a3ab39a919f6d228150b393e3541","size":296561,"path":"media/images/attention_heatmaps_2_2ed5355b16369af1672b.png","format":"png","width":4669},"test_accuracy":0.30453131941359396,"train_accuracy":0.6499429874572406,"valid_accuracy":0.7656765676567657,"_runtime":256.812967028,"_step":2,"epoch":0,"_wandb":{"runtime":256}}