{"attention_heatmaps":{"size":279670,"path":"media/images/attention_heatmaps_17_6eb2c0cb70cb4a7078b4.png","format":"png","width":4740,"height":3572,"_type":"image-file","sha256":"6eb2c0cb70cb4a7078b4cebb648e92372fa11da79fcb33b756be3fc7bd4a39b8"},"_step":17,"train_accuracy":0.6544276457883369,"_wandb":{"runtime":1220},"valid_loss":1.436383828194472,"test_accuracy":0.18347401155042203,"_runtime":1220.450528606,"train_loss":1.099584449691814,"valid_accuracy":0.5345622119815668,"epoch":15,"_timestamp":1.7475911401334076e+09}