{"_step":1,"train_loss":1.6626744873271837,"_wandb":{"runtime":177},"train_accuracy":0.5934182590233545,"valid_accuracy":0.6127612761276128,"valid_loss":1.3972481739693794,"_runtime":177.524740373,"epoch":0,"test_accuracy":0.167258996001777,"_timestamp":1.7475751364986522e+09}