{"test_accuracy":0.0015548645046645935,"_wandb":{"runtime":1494},"_step":20,"train_loss":2.0495397552912555,"valid_loss":2.0913376138158086,"epoch":19,"_timestamp":1.7474892039567611e+09,"_runtime":1494.676709556}