{"train_loss":2.505465493533442,"valid_loss":2.5920822759614373,"epoch":1,"_wandb":{"runtime":114},"_timestamp":1.7474829511330066e+09,"_runtime":91.949426003,"_step":1}