{"valid_accuracy":0.766901027582477,"_wandb":{"runtime":227},"train_accuracy":0.857292759706191,"epoch":12,"_runtime":227.03891159,"_step":12,"_timestamp":1.747760545510128e+09,"train_loss":0.4053856461723416,"valid_loss":0.9812604665756226}