{"valid_loss":1.1741086295672825,"train_accuracy":0.8877495952509444,"test_accuracy":0.36939138160817414,"attention_heatmaps":{"height":3572,"_type":"image-file","sha256":"8d7445bd5e7277307aeff10a6371dc789c194f876fb37dfbd6b0f12cca0d78a0","size":297488,"path":"media/images/attention_heatmaps_21_8d7445bd5e7277307aef.png","format":"png","width":4716},"epoch":19,"valid_accuracy":0.701460248783126,"train_loss":0.39238789970475124,"_step":21,"_timestamp":1.7476042373547618e+09,"_wandb":{"runtime":819},"_runtime":819.126625719}