{"valid_loss":1.2866526738457058,"_wandb":{"runtime":50},"epoch":1,"_timestamp":1.7474809556673458e+09,"_runtime":50.800562804,"_step":1,"train_loss":1.4208999468517718}