{"_wandb":{"runtime":48},"valid_accuracy":0.7656765676567657,"_step":0,"train_loss":1.201651734657122,"_timestamp":1.747573262727167e+09,"_runtime":42.10933963,"epoch":0,"valid_loss":1.1110268304313438,"train_accuracy":0.6499429874572406}