{"epoch":19,"_timestamp":1.7474877017549603e+09,"_runtime":1390.333030195,"_step":20,"train_loss":1.244119374089579,"test_accuracy":0.19213682807641047,"_wandb":{"runtime":1390},"valid_loss":1.1768513313238171}