{"attention_heatmaps":{"height":3573,"_type":"image-file","sha256":"8168510b699888ff2dd70b0b9d4c2d9fc7f6234228cd6d5208b576931f0746a6","size":302748,"path":"media/images/attention_heatmaps_17_8168510b699888ff2dd7.png","format":"png","width":4716},"_wandb":{"runtime":310},"epoch":15,"_timestamp":1.7475977162185047e+09,"test_accuracy":0.36250555308751664,"train_loss":0.4209403866805093,"valid_accuracy":0.7458085451595458,"valid_loss":1.1068118248667036,"train_accuracy":0.8583333333333333,"_step":17,"_runtime":310.391271544}