{"test_accuracy":0.39560195468680587,"_wandb":{"runtime":994},"train_loss":0.4787736708883266,"valid_loss":0.8551516990730728,"epoch":12,"_timestamp":1.7474955894012468e+09,"_runtime":994.731953761,"_step":13}