{"_wandb":{"runtime":257},"valid_loss":1.1110268304313438,"train_accuracy":0.6499429874572406,"test_accuracy":0.30453131941359396,"_runtime":257.013273735,"train_loss":1.201651734657122,"valid_accuracy":0.7656765676567657,"_step":2,"_timestamp":1.7475793058767073e+09,"attention_heatmaps":{"width":4679,"height":3569,"_type":"image-file","sha256":"aba76a1037c4c62f2432c5dd044b77fe91bbe56d1443ee512544e78cd4f9946c","size":313370,"path":"media/images/attention_heatmaps_2_aba76a1037c4c62f2432.png","format":"png"},"epoch":0}