{"test_accuracy":0.3853842736561528,"_wandb":{"runtime":1047},"train_loss":0.536061361345817,"_runtime":1047.77660208,"valid_accuracy":0.7281947261663286,"train_accuracy":0.82842287694974,"epoch":15,"_step":16,"valid_loss":0.8672716787261684,"_timestamp":1.7475182222611701e+09}