{"test_accuracy":0.30453131941359396,"attention_heatmaps":{"size":346476,"path":"media/images/attention_heatmaps_2_8149f9ebd54032a58513.png","format":"png","width":4667,"height":3573,"_type":"image-file","sha256":"8149f9ebd54032a585133534c6693a70d53b9e376ba4873a3e86cdabd604f722"},"_runtime":273.145160688,"attention_heatmaps_connectivity":{"_type":"image-file","sha256":"c546880e5d1867e2ce47a92f31c0b429ce47ddaaadf25755408be4e73bad4990","size":857935,"path":"media/images/attention_heatmaps_connectivity_3_c546880e5d1867e2ce47.png","format":"png","width":3248,"height":13483},"valid_accuracy":0.7656765676567657,"train_loss":1.201651734657122,"train_accuracy":0.6499429874572406,"_step":3,"valid_loss":1.1110268304313438,"epoch":0,"_timestamp":1.7476757817917154e+09,"_wandb":{"runtime":273}}