{"train_loss":0.3948629292621778,"epoch":14,"attention_heatmaps":{"format":"png","width":4717,"height":3572,"_type":"image-file","sha256":"3b6457c4ea5a6c2787ca279f9d94bc80c0b1be49e43654f54f480b304c13b1b6","size":295950,"path":"media/images/attention_heatmaps_16_3b6457c4ea5a6c2787ca.png"},"test_accuracy":0.35806308307418927,"_step":16,"valid_loss":1.1401241728237697,"_timestamp":1.7476052702322361e+09,"valid_accuracy":0.7047052460789616,"_wandb":{"runtime":1018},"_runtime":1018.686635548,"train_accuracy":0.8650666666666667}