{"train_loss":0.6263831554549475,"test_accuracy":0.3629498000888494,"_wandb":{"runtime":806},"valid_loss":0.8714281307519788,"epoch":19,"_timestamp":1.7474945813069377e+09,"_runtime":806.226833353,"_step":20}