{"train_accuracy":0.5802197802197803,"_timestamp":1.7477382134259195e+09,"interactive_attention_inline":{"sha256":"6d445b4e0288ebc6daca46091b600567662368fba829db32c7d5695d98d704be","size":2496,"path":"media/html/interactive_attention_inline_2_6d445b4e0288ebc6daca.html","_type":"html-file"},"_runtime":272.307937461,"_wandb":{"runtime":272},"train_loss":1.6598511628925197,"epoch":0,"test_accuracy":0.21101732563305198,"_step":2,"valid_loss":1.2642889351084612,"valid_accuracy":0.6655665566556656}