{"_runtime":42.480072338,"_wandb":{"runtime":42},"valid_accuracy":0.7656765676567657,"train_loss":1.201651734657122,"valid_loss":1.1110268304313438,"train_accuracy":0.6499429874572406,"epoch":0,"_timestamp":1.7475755043216903e+09,"_step":0}