{"_wandb":{"runtime":201},"valid_loss":2.5229917056318643,"epoch":1,"_timestamp":1.747482162721754e+09,"_runtime":201.29801644,"_step":2,"train_loss":2.4021051913370446,"test_accuracy":0}