{"test_accuracy":0.21101732563305198,"_wandb":{"runtime":286},"train_loss":1.6598511628925197,"epoch":0,"train_accuracy":0.5802197802197803,"_runtime":269.201752856,"valid_accuracy":0.6655665566556656,"_step":1,"_timestamp":1.7477237278174188e+09,"valid_loss":1.2642889351084612}