{"_wandb":{"runtime":200},"_runtime":200.024556266,"_step":1,"train_loss":1.9117907102822222,"valid_loss":1.1814133645831675,"epoch":0,"_timestamp":1.7474848266376998e+09,"test_accuracy":0.18480675255442025}