{"epoch":1,"_timestamp":1.7474812077269936e+09,"_runtime":213.972591819,"test_accuracy":0.14815637494446912,"_wandb":{"runtime":213},"_step":2,"train_loss":1.4208999468517718,"valid_loss":1.2866526738457058}