{"valid_accuracy":0.7363083164300203,"test_accuracy":0.4098178587294536,"_step":13,"train_loss":0.46795004155546127,"train_accuracy":0.7637655417406749,"_wandb":{"runtime":1003},"valid_loss":0.8189422683994265,"_timestamp":1.7475210876392028e+09,"_runtime":1003.369368167,"epoch":12}