{"epoch":19,"_timestamp":1.7475923453414493e+09,"test_accuracy":0.33096401599289205,"attention_heatmaps":{"path":"media/images/attention_heatmaps_21_46015a84c995ac88fa1e.png","format":"png","width":4699,"height":3572,"_type":"image-file","sha256":"46015a84c995ac88fa1e361d16decaa4271c16f8060f725ec9b1c4218ca7d75f","size":322963},"_wandb":{"runtime":1197},"valid_accuracy":0.7183718371837183,"train_accuracy":0.8300653594771242,"_step":21,"valid_loss":1.0748911966448245,"_runtime":1197.200607517,"train_loss":0.6319634322664672}