{"valid_accuracy":0.6952695269526953,"valid_loss":1.0506102451379749,"epoch":18,"test_accuracy":0.3529542425588627,"train_loss":0.5800835206436179,"_step":20,"train_accuracy":0.8642241379310345,"_runtime":1002.146058934,"_wandb":{"runtime":1002},"_timestamp":1.7475945751204498e+09,"attention_heatmaps":{"format":"png","width":4699,"height":3573,"_type":"image-file","sha256":"c7c2052d80ce7978ec284b07e94be19927e05a1130658626d2d3b14e70b5c291","size":327218,"path":"media/images/attention_heatmaps_20_c7c2052d80ce7978ec28.png"}}